{"val_loss": [0.1262903206348419, 0.1221205289165179, 0.12144243103265763, 0.11771613375345866, 0.11635126680135727, 0.11488030709822973, 0.11370700456698736, 0.11354162538051606, 0.11175518169005712, 0.11107089869181315, 0.11041832933823267, 0.10989837898810705, 0.10978749165932337, 0.10884062115351359, 0.10872594126065573, 0.10852145592371623, 0.10814188569784164, 0.10933978666861852, 0.10886930853128433, 0.108420692106088], "val_acc": [0.5459999998410543, 0.5473333331743876, 0.5519999998410543, 0.5586666666666666, 0.5753333331743876, 0.5833333331743876, 0.587333333492279, 0.593333333492279, 0.599333333492279, 0.6040000001589457, 0.6040000001589457, 0.609333333492279, 0.609333333492279, 0.609333333492279, 0.6106666666666667, 0.6173333333333333, 0.6186666666666667, 0.6126666668256124, 0.6160000001589457, 0.6146666666666667], "loss": [0.13830239129066468, 0.11986315921942393, 0.11591738136609395, 0.11285113261143366, 0.11016606252392133, 0.1078251483241717, 0.10552147740125656, 0.10342057867844899, 0.1013323601881663, 0.09958724320928256, 0.09782594282428424, 0.09631947073340416, 0.09494302920500437, 0.09357710559169452, 0.09264373964071274, 0.09140930616855622, 0.09033405916889509, 0.08942056959867477, 0.08880870628356934, 0.08802801164984703], "acc": [0.499, 0.569, 0.5763333333333334, 0.5836666666666667, 0.5971666666666666, 0.6085, 0.6186666666666667, 0.6278333333333334, 0.637, 0.6455, 0.6505, 0.6533333333333333, 0.6605, 0.666, 0.671, 0.6773333333333333, 0.6816666666666666, 0.6898333333333333, 0.6913333333333334, 0.6925]}